participant,trial_name,stair_height,direction,trans_leg,start_time,end_time
AB06,stair_1_l_01_06,4,ascent,lr,121.795,123.035
AB06,stair_1_r_01_05,4,ascent,rl,102.905,106.205
AB06,stair_1_l_01_01,4,descent,lr,25.545,26.93
AB06,stair_1_r_01_05,4,descent,rl,112.94,115.875
AB06,stair_2_l_02_01,5,ascent,lr,26.18,27.355
AB06,stair_2_r_01_03,5,ascent,rl,52.86,55.435
AB06,stair_2_l_02_02,5,descent,lr,51.115,52.315
AB06,stair_2_r_01_03,5,descent,rl,61.82,64.265
AB06,stair_3_l_01_01,6,ascent,lr,18.245,19.555
AB06,stair_3_r_01_05,6,ascent,rl,97.13,99.99
AB06,stair_3_l_01_04,6,descent,lr,84.495,85.885
AB06,stair_3_r_01_05,6,descent,rl,106.31,109.015
AB06,stair_4_l_01_02,7,ascent,lr,43.18,44.455
AB06,stair_4_r_01_03,7,ascent,rl,53.555,56.255
AB06,stair_4_l_01_02,7,descent,lr,52.3,53.47
AB06,stair_4_r_01_05,7,descent,rl,101.5,104.155
AB07,stair_1_l_01_01,4,ascent,lr,13.165,14.305
AB07,stair_1_r_01_05,4,ascent,rl,90.155,92.64
AB07,stair_1_l_01_04,4,descent,lr,81.57,82.6
AB07,stair_1_r_01_05,4,descent,rl,99.31,101.395
AB07,stair_2_l_01_05,5,ascent,lr,92.54,93.72
AB07,stair_2_r_01_03,5,ascent,rl,49.675,52.25
AB07,stair_2_l_01_04,5,descent,lr,84.02,85.12
AB07,stair_2_r_02_01,5,descent,rl,24.855,27.135
AB07,stair_3_l_01_03,6,ascent,lr,52.2,53.575
AB07,stair_3_r_02_01,6,ascent,rl,10.6,13.075
AB07,stair_3_l_01_03,6,descent,lr,63.38,64.525
AB07,stair_3_r_01_01,6,descent,rl,20.615,22.885
AB07,stair_4_l_01_04,7,ascent,lr,73.915,75.15
AB07,stair_4_r_01_02,7,ascent,rl,29.245,31.84
AB07,stair_4_l_01_02,7,descent,lr,42.33,43.43
AB07,stair_4_r_01_02,7,descent,rl,38.795,41.06
AB08,stair_1_l_01_01,4,ascent,lr,8.02,9.05
AB08,stair_1_l_01_03,4,descent,lr,48.165,49.15
AB08,stair_2_l_01_03,5,ascent,lr,46.995,48.21
AB08,stair_2_r_01_01,5,ascent,rl,7.365,9.455
AB08,stair_2_l_01_04,5,descent,lr,75.665,76.685
AB08,stair_2_r_01_05,5,descent,rl,88.04,89.965
AB08,stair_3_l_01_03,6,ascent,lr,43.575,44.67
AB08,stair_3_r_01_04,6,ascent,rl,70.935,73.115
AB08,stair_3_l_01_02,6,descent,lr,35.405,36.345
AB08,stair_3_r_01_03,6,descent,rl,62.87,64.84
AB08,stair_4_l_01_05,7,ascent,lr,84.245,85.275
AB08,stair_4_r_01_05,7,ascent,rl,78.565,80.65
AB08,stair_4_l_01_04,7,descent,lr,76.68,77.645
AB08,stair_4_r_01_03,7,descent,rl,55.415,57.395
AB09,stair_1_l_01_02,4,ascent,lr,20.595,21.545
AB09,stair_1_r_01_01,4,ascent,rl,11.385,13.9
AB09,stair_1_l_01_04,4,descent,lr,55.395,56.335
AB09,stair_1_r_01_01,4,descent,rl,19.215,21.47
AB09,stair_2_l_01_01,5,ascent,lr,8.305,9.39
AB09,stair_2_r_01_03,5,ascent,rl,38.0,40.025
AB09,stair_2_l_01_05,5,descent,lr,69.32,70.215
AB09,stair_2_r_01_05,5,descent,rl,71.445,73.33
AB09,stair_3_l_01_04,6,ascent,lr,47.35,48.315
AB09,stair_3_r_01_02,6,ascent,rl,20.96,23.04
AB09,stair_3_l_01_01,6,descent,lr,14.07,14.98
AB09,stair_3_r_01_03,6,descent,rl,41.61,43.51
AB09,stair_4_l_01_04,7,ascent,lr,52.74,53.61
AB09,stair_4_r_01_01,7,ascent,rl,7.895,9.8
AB09,stair_4_l_01_05,7,descent,lr,73.495,74.33
AB09,stair_4_r_01_02,7,descent,rl,29.055,30.83
AB10,stair_1_l_01_03,4,ascent,lr,39.315,40.25
AB10,stair_1_r_01_03,4,ascent,rl,46.38,48.41
AB10,stair_1_l_01_02,4,descent,lr,32.86,33.645
AB10,stair_1_r_01_03,4,descent,rl,54.495,56.465
AB10,stair_2_l_01_05,5,ascent,lr,74.795,75.915
AB10,stair_2_r_01_04,5,ascent,rl,60.3,61.96
AB10,stair_2_l_01_03,5,descent,lr,48.995,49.935
AB10,stair_2_r_01_05,5,descent,rl,85.755,87.815
AB10,stair_3_l_02_01,6,ascent,lr,7.61,8.73
AB10,stair_3_r_01_03,6,ascent,rl,39.59,41.885
AB10,stair_3_l_01_01,6,descent,lr,19.285,20.265
AB10,stair_3_r_01_01,6,descent,rl,15.5,17.44
AB10,stair_4_l_01_01,7,ascent,lr,8.125,9.21
AB10,stair_4_r_01_01,7,ascent,rl,13.18,15.47
AB10,stair_4_l_01_01,7,descent,lr,16.565,17.64
AB10,stair_4_r_01_03,7,descent,rl,59.705,62.045
AB11,stair_1_l_01_02,4,ascent,lr,34.065,35.745
AB11,stair_1_r_01_04,4,ascent,rl,83.07,86.45
AB11,stair_1_l_02_05,4,descent,lr,100.93,102.305
AB11,stair_1_r_01_01,4,descent,rl,30.77,33.825
AB11,stair_2_l_01_01,5,ascent,lr,16.04,17.65
AB11,stair_2_r_01_04,5,ascent,rl,69.135,72.5
AB11,stair_2_l_01_01,5,descent,lr,25.03,26.505
AB11,stair_2_r_01_05,5,descent,rl,101.035,104.2
AB11,stair_3_l_01_03,6,ascent,lr,48.03,49.725
AB11,stair_3_r_01_02,6,ascent,rl,27.68,31.365
AB11,stair_3_l_01_04,6,descent,lr,80.195,81.735
AB11,stair_3_r_01_03,6,descent,rl,57.105,60.295
AB11,stair_4_l_01_04,7,ascent,lr,68.2,70.085
AB11,stair_4_r_01_04,7,ascent,rl,63.725,67.185
AB11,stair_4_l_01_03,7,descent,lr,58.65,60.195
AB11,stair_4_r_01_03,7,descent,rl,54.29,57.36
AB12,stair_1_l_01_05,4,ascent,lr,61.7,62.79
AB12,stair_1_r_01_05,4,ascent,rl,68.505,70.785
AB12,stair_1_l_01_02,4,descent,lr,27.66,28.605
AB12,stair_1_r_01_02,4,descent,rl,33.29,35.38
AB12,stair_2_l_01_05,5,ascent,lr,62.395,63.485
AB12,stair_2_r_02_02,5,ascent,rl,31.265,33.58
AB12,stair_2_l_01_02,5,descent,lr,28.21,29.275
AB12,stair_2_r_02_02,5,descent,rl,38.03,40.115
AB12,stair_3_l_01_02,6,ascent,lr,19.385,20.485
AB12,stair_3_r_01_04,6,ascent,rl,53.01,55.33
AB12,stair_3_l_01_04,6,descent,lr,53.215,54.295
AB12,stair_3_r_01_01,6,descent,rl,19.165,21.225
AB12,stair_4_l_01_03,7,ascent,lr,38.97,40.115
AB12,stair_4_r_01_01,7,ascent,rl,7.835,10.305
AB12,stair_4_l_01_01,7,descent,lr,18.5,19.53
AB12,stair_4_r_02_03,7,descent,rl,46.49,48.54
AB13,stair_1_l_01_03,4,ascent,lr,41.105,42.305
AB13,stair_1_r_01_04,4,ascent,rl,67.125,69.54
AB13,stair_1_l_01_05,4,descent,lr,74.345,75.385
AB13,stair_1_r_01_03,4,descent,rl,59.295,61.63
AB13,stair_2_l_01_05,5,ascent,lr,75.595,76.78
AB13,stair_2_r_01_01,5,ascent,rl,14.03,16.175
AB13,stair_2_l_01_01,5,descent,lr,22.905,24.0
AB13,stair_2_r_01_04,5,descent,rl,65.955,68.135
AB13,stair_3_l_01_04,6,ascent,lr,55.57,56.725
AB13,stair_3_r_01_01,6,ascent,rl,12.34,14.77
AB13,stair_3_l_01_03,6,descent,lr,48.63,49.925
AB13,stair_3_r_01_05,6,descent,rl,75.87,78.22
AB13,stair_4_l_01_05,7,ascent,lr,69.84,71.18
AB13,stair_4_r_01_03,7,ascent,rl,38.095,40.65
AB13,stair_4_l_01_01,7,descent,lr,18.62,19.875
AB13,stair_4_r_01_05,7,descent,rl,74.49,77.095
AB14,stair_1_l_01_02,4,ascent,lr,20.325,21.275
AB14,stair_1_r_01_05,4,ascent,rl,56.68,58.615
AB14,stair_1_l_01_04,4,descent,lr,51.455,52.365
AB14,stair_1_r_01_01,4,descent,rl,14.275,16.16
AB14,stair_2_l_01_03,5,ascent,lr,32.805,33.73
AB14,stair_2_r_01_05,5,ascent,rl,55.5,57.405
AB14,stair_2_l_01_05,5,descent,lr,63.37,64.29
AB14,stair_2_r_01_03,5,descent,rl,36.74,38.59
AB14,stair_3_l_01_05,6,ascent,lr,56.965,57.935
AB14,stair_3_r_01_04,6,ascent,rl,45.18,47.11
AB14,stair_3_l_01_02,6,descent,lr,25.98,26.905
AB14,stair_3_r_01_04,6,descent,rl,51.645,53.44
AB14,stair_4_l_01_04,7,ascent,lr,47.03,47.99
AB14,stair_4_r_01_03,7,ascent,rl,36.22,38.12
AB14,stair_4_l_01_01,7,descent,lr,16.05,16.895
AB14,stair_4_r_01_04,7,descent,rl,55.09,56.97
AB15,stair_1_l_01_03,4,ascent,lr,37.495,38.665
AB15,stair_1_r_01_05,4,ascent,rl,64.01,66.29
AB15,stair_1_l_01_05,4,descent,lr,72.15,73.15
AB15,stair_1_r_01_04,4,descent,rl,56.8,58.9
AB15,stair_2_l_01_04,5,ascent,lr,51.13,52.45
AB15,stair_2_r_01_03,5,ascent,rl,37.645,40.18
AB15,stair_2_l_01_03,5,descent,lr,43.875,45.01
AB15,stair_2_r_01_02,5,descent,rl,31.75,33.925
AB15,stair_2_l_01_04,5,descent,rr,55.03,59.78
AB15,stair_3_l_01_05,6,ascent,lr,63.665,64.88
AB15,stair_3_r_01_02,6,ascent,rl,22.9,25.19
AB15,stair_3_l_01_01,6,descent,lr,14.315,15.28
AB15,stair_3_r_02_02,6,descent,rl,29.33,31.415
AB15,stair_4_l_01_01,7,ascent,lr,13.735,15.035
AB15,stair_4_r_01_01,7,ascent,rl,11.95,14.38
AB15,stair_4_l_01_05,7,descent,lr,77.545,78.635
AB15,stair_4_r_01_05,7,descent,rl,68.7,70.675
AB16,stair_1_l_01_02,4,ascent,lr,29.345,30.78
AB16,stair_1_r_01_03,4,ascent,rl,49.665,52.59
AB16,stair_1_l_01_03,4,descent,lr,55.995,57.29
AB16,stair_1_r_01_01,4,descent,rl,19.555,22.165
AB16,stair_2_l_01_03,5,ascent,lr,45.635,46.995
AB16,stair_2_r_01_03,5,ascent,rl,45.495,48.2
AB16,stair_2_l_01_05,5,descent,lr,88.37,89.705
AB16,stair_2_r_01_04,5,descent,rl,70.22,72.68
AB16,stair_3_l_01_03,6,ascent,lr,46.495,47.855
AB16,stair_3_r_01_02,6,ascent,rl,27.585,30.41
AB16,stair_3_l_01_01,6,descent,lr,22.365,23.595
AB16,stair_3_r_01_04,6,descent,rl,69.495,72.07
AB16,stair_4_l_01_03,7,ascent,lr,42.39,43.735
AB16,stair_4_r_01_03,7,ascent,rl,46.775,49.47
AB16,stair_4_l_01_04,7,descent,lr,65.955,67.2
AB16,stair_4_r_01_03,7,descent,rl,54.795,57.29
AB17,stair_1_l_01_01,4,ascent,lr,9.05,10.3
AB17,stair_1_r_01_01,4,ascent,rl,10.675,13.535
AB17,stair_1_l_01_06,4,descent,lr,91.485,92.605
AB17,stair_1_r_01_04,4,descent,rl,67.91,70.395
AB17,stair_2_l_01_03,5,ascent,lr,36.145,37.28
AB17,stair_2_r_01_05,5,ascent,rl,64.52,67.11
AB17,stair_2_l_01_04,5,descent,lr,54.945,56.04
AB17,stair_2_r_01_02,5,descent,rl,31.185,33.485
AB17,stair_3_l_01_02,6,ascent,lr,28.47,29.71
AB17,stair_3_r_01_05,6,ascent,rl,65.145,67.535
AB17,stair_3_l_01_05,6,descent,lr,72.82,74.005
AB17,stair_3_r_01_02,6,descent,rl,30.905,33.315
AB17,stair_4_l_01_05,7,ascent,lr,58.34,59.525
AB17,stair_4_r_01_05,7,ascent,rl,61.95,64.14
AB17,stair_4_l_01_06,7,descent,lr,77.06,78.105
AB17,stair_4_r_01_02,7,descent,rl,30.91,32.985
AB18,stair_1_l_01_05,4,ascent,lr,71.07,72.12
AB18,stair_1_r_01_03,4,ascent,rl,43.02,45.04
AB18,stair_1_l_01_04,4,descent,lr,64.495,65.43
AB18,stair_1_r_01_01,4,descent,rl,20.385,22.38
AB18,stair_2_l_01_02,5,ascent,lr,28.05,29.095
AB18,stair_2_r_01_03,5,ascent,rl,38.665,40.62
AB18,stair_2_l_01_05,5,descent,lr,78.06,79.025
AB18,stair_2_r_01_05,5,descent,rl,71.81,73.595
AB18,stair_3_l_01_01,6,ascent,lr,11.32,12.3
AB18,stair_3_r_01_05,6,ascent,rl,73.145,75.3
AB18,stair_3_l_02_03,6,descent,lr,49.22,50.21
AB18,stair_3_r_01_04,6,descent,rl,66.155,68.215
AB18,stair_4_l_01_02,7,ascent,lr,25.795,26.77
AB18,stair_4_r_01_01,7,ascent,rl,10.54,12.675
AB18,stair_4_l_01_06,7,descent,lr,89.825,90.725
AB18,stair_4_r_01_03,7,descent,rl,48.04,49.945
AB19,stair_1_l_01_05,4,ascent,lr,75.07,76.49
AB19,stair_1_r_01_03,4,ascent,rl,48.19,50.645
AB19,stair_1_l_01_01,4,descent,lr,18.715,19.775
AB19,stair_1_r_01_01,4,descent,rl,20.01,22.85
AB19,stair_2_l_01_01,5,ascent,lr,11.64,12.84
AB19,stair_2_r_01_05,5,ascent,rl,79.3,81.775
AB19,stair_2_l_01_04,5,descent,lr,61.465,62.61
AB19,stair_2_r_01_06,5,descent,rl,101.88,103.96
AB19,stair_3_l_01_03,6,ascent,lr,38.0,39.075
AB19,stair_3_r_01_05,6,ascent,rl,72.195,74.53
AB19,stair_3_l_01_01,6,descent,lr,17.145,18.09
AB19,stair_3_r_01_03,6,descent,rl,49.51,51.495
AB19,stair_4_l_01_01,7,ascent,lr,10.525,11.72
AB19,stair_4_r_01_02,7,ascent,rl,26.405,28.985
AB19,stair_4_l_01_04,7,descent,lr,64.38,65.51
AB19,stair_4_r_01_02,7,descent,rl,34.575,36.88
AB20,stair_1_l_02_01,4,ascent,lr,10.18,11.31
AB20,stair_1_r_01_04,4,ascent,rl,70.96,73.18
AB20,stair_1_l_01_01,4,descent,lr,19.105,19.985
AB20,stair_1_r_01_02,4,descent,rl,39.56,41.7
AB20,stair_2_l_01_01,5,ascent,lr,8.69,9.875
AB20,stair_2_r_02_03,5,ascent,rl,51.19,54.01
AB20,stair_2_l_02_01,5,descent,lr,18.33,19.495
AB20,stair_2_r_02_02,5,descent,rl,42.37,44.83
AB20,stair_3_l_02_01,6,ascent,lr,17.48,18.64
AB20,stair_3_r_01_05,6,ascent,rl,76.68,79.185
AB20,stair_3_l_01_01,6,descent,lr,20.67,21.85
AB20,stair_3_r_01_06,6,descent,rl,106.965,109.255
AB20,stair_4_l_01_03,7,ascent,lr,46.195,47.385
AB20,stair_4_r_01_02,7,ascent,rl,23.525,26.08
AB20,stair_4_l_01_03,7,descent,lr,54.44,55.635
AB20,stair_4_r_01_05,7,descent,rl,83.825,86.38
AB21,stair_1_l_01_05,4,ascent,lr,71.04,72.135
AB21,stair_1_r_01_04,4,ascent,rl,53.155,55.37
AB21,stair_1_l_01_01,4,descent,lr,22.69,23.65
AB21,stair_1_r_01_02,4,descent,rl,32.725,34.665
AB21,stair_2_l_01_05,5,ascent,lr,63.64,64.68
AB21,stair_2_r_01_03,5,ascent,rl,34.87,36.965
AB21,stair_2_l_01_01,5,descent,lr,19.96,20.96
AB21,stair_2_r_01_05,5,descent,rl,65.83,67.79
AB21,stair_3_l_01_02,6,ascent,lr,22.865,23.99
AB21,stair_3_r_01_03,6,ascent,rl,35.455,37.79
AB21,stair_3_l_03_02,6,descent,lr,30.235,31.21
AB21,stair_3_r_01_05,6,descent,rl,68.705,70.76
AB21,stair_4_l_01_05,7,ascent,lr,68.885,70.12
AB21,stair_4_r_01_01,7,ascent,rl,10.91,13.28
AB21,stair_4_l_01_02,7,descent,lr,34.255,35.33
AB21,stair_4_r_01_02,7,descent,rl,32.4,34.625
AB23,stair_1_l_01_03,4,ascent,lr,51.9,53.265
AB23,stair_1_r_01_03,4,ascent,rl,51.925,54.74
AB23,stair_1_l_01_02,4,descent,lr,39.32,40.53
AB23,stair_1_r_01_01,4,descent,rl,22.775,25.16
AB23,stair_2_l_01_03,5,ascent,lr,41.415,42.64
AB23,stair_2_r_01_02,5,ascent,rl,25.705,28.2
AB23,stair_2_l_01_02,5,descent,lr,33.26,34.285
AB23,stair_2_r_02_02,5,descent,rl,32.905,35.145
AB23,stair_3_l_01_03,6,ascent,lr,44.28,45.515
AB23,stair_3_r_01_02,6,ascent,rl,30.575,33.09
AB23,stair_3_l_01_05,6,descent,lr,87.15,88.1
AB23,stair_3_r_01_02,6,descent,rl,38.98,41.16
AB23,stair_4_l_01_02,7,ascent,lr,27.69,28.74
AB23,stair_4_r_01_04,7,ascent,rl,57.93,60.135
AB23,stair_4_r_01_04,7,descent,ll,66.145,67.205
AB23,stair_4_l_01_01,7,descent,lr,19.69,20.85
AB23,stair_4_r_01_02,7,descent,rl,34.645,36.86
AB24,stair_1_l_01_02,4,ascent,lr,24.26,25.41
AB24,stair_1_r_01_04,4,ascent,rl,63.41,65.82
AB24,stair_1_l_01_05,4,descent,lr,83.15,84.235
AB24,stair_1_r_01_03,4,descent,rl,55.19,57.415
AB24,stair_2_l_01_03,5,ascent,lr,42.77,43.87
AB24,stair_2_r_01_01,5,ascent,rl,10.205,12.57
AB24,stair_2_l_01_01,5,descent,lr,18.925,20.005
AB24,stair_2_r_01_05,5,descent,rl,85.93,88.15
AB24,stair_3_l_01_05,6,ascent,lr,76.0,77.135
AB24,stair_3_r_01_02,6,ascent,rl,23.215,25.555
AB24,stair_3_l_01_02,6,descent,lr,32.505,33.54
AB24,stair_3_r_01_04,6,descent,rl,66.575,68.76
AB24,stair_4_l_01_02,7,ascent,lr,25.91,27.045
AB24,stair_4_r_01_01,7,ascent,rl,11.555,13.92
AB24,stair_4_l_01_01,7,descent,lr,17.485,18.58
AB24,stair_4_r_01_05,7,descent,rl,90.885,93.14
AB25,Stair_1_L_01_02,4,ascent,lr,24.1,25.28
AB25,Stair_1_R_01_02,4,ascent,rl,28.24,30.905
AB25,Stair_1_L_01_05,4,descent,lr,80.325,81.51
AB25,Stair_1_R_01_02,4,descent,rl,36.63,38.855
AB25,Stair_2_L_01_04,5,ascent,lr,52.76,53.96
AB25,Stair_2_R_01_01,5,ascent,rl,17.59,20.045
AB25,Stair_2_L_01_03,5,descent,lr,45.17,46.32
AB25,Stair_2_R_01_02,5,descent,rl,91.05,93.17
AB25,Stair_3_L_01_02,6,ascent,lr,22.225,23.495
AB25,Stair_3_R_01_03,6,ascent,rl,37.01,39.28
AB25,Stair_3_L_01_05,6,descent,lr,76.62,77.84
AB25,Stair_3_R_01_03,6,descent,rl,44.025,46.29
AB25,Stair_4_L_01_03,7,ascent,lr,38.13,39.41
AB25,Stair_4_R_01_02,7,ascent,rl,27.405,29.86
AB25,Stair_4_L_01_04,7,descent,lr,62.31,63.37
AB25,Stair_4_R_01_02,7,descent,rl,35.05,37.395
AB27,stair_1_l_01_05,4,ascent,lr,84.865,86.19
AB27,stair_1_r_01_02,4,ascent,rl,32.25,35.255
AB27,stair_1_l_01_05,4,descent,lr,92.86,94.145
AB27,stair_1_r_01_03,4,descent,rl,57.905,60.125
AB27,stair_2_l_01_05,5,ascent,lr,77.18,78.565
AB27,stair_2_r_01_02,5,ascent,rl,24.535,27.445
AB27,stair_2_l_01_02,5,descent,lr,34.85,36.345
AB27,stair_2_r_02_01,5,descent,rl,17.47,20.155
AB27,stair_3_l_01_05,6,ascent,lr,89.025,90.875
AB27,stair_3_r_01_03,6,ascent,rl,45.345,48.395
AB27,stair_3_l_01_04,6,descent,lr,74.59,76.225
AB27,stair_3_r_01_01,6,descent,rl,19.64,22.515
AB27,stair_4_l_01_04,7,ascent,lr,65.08,67.575
AB27,stair_4_r_01_01,7,ascent,rl,12.445,15.73
AB27,stair_4_l_01_05,7,descent,lr,94.705,96.715
AB27,stair_4_r_02_03,7,descent,rl,54.5,57.73
AB28,Stair_1_L_01_01,4,ascent,lr,10.08,11.305
AB28,Stair_1_R_01_05,4,ascent,rl,68.59,71.15
AB28,Stair_1_L_01_02,4,descent,lr,30.855,31.985
AB28,Stair_1_R_01_05,4,descent,rl,75.47,77.805
AB28,Stair_2_L_01_03,5,ascent,lr,40.93,42.095
AB28,Stair_2_R_01_03,5,ascent,rl,34.59,37.07
AB28,Stair_2_L_01_05,5,descent,lr,74.075,75.13
AB28,Stair_2_R_01_05,5,descent,rl,68.235,70.545
AB28,Stair_3_L_01_02,6,ascent,lr,29.05,30.2
AB28,Stair_3_R_01_05,6,ascent,rl,62.265,64.675
AB28,Stair_3_L_01_04,6,descent,lr,60.04,61.145
AB28,Stair_3_R_01_03,6,descent,rl,42.6,44.765
AB28,Stair_4_L_01_04,7,ascent,lr,56.38,57.635
AB28,Stair_4_R_01_03,7,ascent,rl,37.505,39.98
AB28,Stair_4_L_01_02,7,descent,lr,36.095,37.225
AB28,Stair_4_R_01_04,7,descent,rl,58.39,60.635
